Douglas,Rogers
Lisa,Hughes
Debra,Wagner
Susan,Guzman
Sharon,Rogers
Sarah,Adams
Christine,Carter
Daniel,Palmer
Margaret,Woods
Patrick,Chavez
Brenda,Ross
Carol,Mendez
Jerry,Powell
Jack,Chavez
Raymond,Kim
Christina,Webb
Mark,Carter
Dylan,Long
Wayne,Davis
Evelyn,Hamilton
Willie,Lee
Hannah,Stewart
Rebecca,Sanders
Scott,Shaw
Bruce,Hill
Anna,Young
Judith,Owens
Gabriel,Wagner
Christian,Porter
Marilyn,Rodriguez
Frank,Myers
Emily,Richardson
Christina,Martin
Frances,Wells
Charles,Rodriguez
Amanda,Bailey
Emma,Ellis
Carol,Bell
Sharon,Garcia
Brandon,Hamilton
Madison,Brown
Gregory,Kelly
Gregory,Freeman
Ronald,Wood
Theresa,Flores
Marie,Wood
Daniel,Hunt
Timothy,Nelson
Nicholas,Bailey
Logan,King
Tyler,West
George,Wilson
Sean,Foster
Roger,Hughes
Linda,Baker
Samuel,Miller
Danielle,Murray
Evelyn,Ellis
Jeffrey,Murray
Martha,Jordan
Sophia,Cox
Sandra,Boyd
Jose,Henry
Janice,Torres
Brenda,Hayes
Lauren,Stone
Kathryn,Edwards
Danielle,Diaz
Megan,Simpson
Catherine,Hayes
Sarah,Sanders
Carolyn,Mendoza
Lisa,Harrison
Jacob,Wood
Ruth,Thompson
Heather,Gibson
Helen,Robinson
Steven,West
Kelly,Clark
Pamela,Henry
Anna,Powell
William,Fisher
Aaron,Ruiz
Helen,Bennett
Dorothy,Stevens
Jeffrey,Mendez
Nancy,Gibson
Richard,Reyes
Adam,Mason
Timothy,Phillips
Maria,Graham
Paul,Owens
Victoria,Roberts
Jordan,Diaz
Ashley,Wood
Anthony,Patterson
Mary,Williams
Nicholas,Carter
Brandon,Harris
Nancy,Cole
Helen,Crawford
Patricia,Allen
Melissa,Romero
Anna,Harrison
Virginia,Ford
Jerry,Dixon
Aaron,Ford
Jessica,Murray
Judy,Perry
Evelyn,Lopez
Douglas,Kelly
Dennis,James
Sarah,Kennedy
Keith,Vasquez
Laura,Medina
Ruth,Smith
Ryan,Aguilar
Raymond,Lee
Gary,Mitchell
Denise,Tucker
Keith,Long
Patrick,Brooks
Kyle,Rodriguez
Gary,Rodriguez
Joseph,Snyder
Michael,Gray
Grace,Aguilar
Jennifer,Moreno
Christian,Snyder
Douglas,Garcia
Samuel,Diaz
Kathleen,Castillo
Dorothy,Garcia
Jean,Henry
Ralph,Evans
David,Alexander
Ryan,Alvarez
Mark,Moreno
Abigail,Fox
Joseph,Peterson
Beverly,Hayes
Kevin,Morris
Terry,Cooper
Helen,Mendez
Gerald,Cole
Beverly,Graham
Patricia,Griffin
Janet,Porter
Denise,Bennett
Christina,Palmer
Cheryl,Reynolds
Alan,Chavez
Jeffrey,Wells
Jordan,Phillips
Walter,Fisher
Billy,Richardson
Virginia,Shaw
Austin,Wright
Nancy,Gonzales
Mark,Cook
Margaret,Young
Jesse,Gordon
James,McDonald
Gabriel,Gutierrez
Megan,Crawford
Carl,Kim
Jesse,Crawford
Frances,Parker
Jacqueline,Scott
Alice,Turner
George,Torres
George,Munoz
Jeffrey,Gordon
Grace,Freeman
Willie,Rivera
Jeffrey,Cooper
Sara,Nguyen
Alexander,Richardson
Susan,Gonzales
Samuel,Stewart
Raymond,Bell
Jesse,Fisher
Helen,Williams
Zachary,Reynolds
Amy,Taylor
Jesse,Ward
Anthony,Fisher
Julia,Reyes
Eugene,Anderson
Sarah,Sullivan
Anthony,Fisher
Lawrence,Hayes
Adam,Thompson
Jason,Webb
Abigail,Smith
Kelly,Nguyen
Cynthia,Medina
Nicole,Reed
Jonathan,Castro
Bruce,Hill
